3.999999766801758483e+02,5.000003222460580332e+02,6.963186418540964762e-02,1.497322459850530252e-01,-2.499989369968889008e+01
3.999999497164822628e+02,4.999997392371267892e+02,7.001722478237436265e-02,1.499553286074092051e-01,-2.499990426900235008e+01
3.999999322495415299e+02,5.000003790878393488e+02,7.022122571450586936e-02,1.499664271960279016e-01,-2.500015540750050036e+01
4.000000006449563443e+02,5.000004993630003582e+02,7.001789671732351616e-02,1.500985796228621605e-01,-2.500025943608690682e+01
4.000012220272531636e+02,4.999996115628007374e+02,7.009822727109729645e-02,1.489253909778324170e-01,-2.499906037072503651e+01
3.999998047693918011e+02,4.999997878978179529e+02,6.981082354990904293e-02,1.500636968423115780e-01,-2.500010776088981146e+01
4.000001323679449001e+02,5.000004695045348058e+02,6.976377608036525568e-02,1.501053878565459243e-01,-2.500029052262234330e+01
3.999999832825236012e+02,5.000000986900998328e+02,6.992954802001143111e-02,1.504294601852457502e-01,-2.499944498301693585e+01
4.000000119393696991e+02,5.000000710058479854e+02,7.007539989554271986e-02,1.500620600722997744e-01,-2.500000085518740178e+01
3.999999777990802841e+02,5.000000371312410721e+02,7.020850779078524617e-02,1.496213261494241942e-01,-2.499995856424022023e+01
3.999996485411454614e+02,5.000003161616571674e+02,7.003224405907322592e-02,1.502413246416592629e-01,-2.500048891029660680e+01
3.999999968713974567e+02,4.999996801705944449e+02,7.021776957669439989e-02,1.497884131327192336e-01,-2.499976396467802076e+01
3.999997999031894551e+02,5.000001172505910176e+02,7.008132595874717874e-02,1.500570709820255588e-01,-2.500021546371903014e+01
3.999999623169930487e+02,5.000005878338383241e+02,6.963809679015205145e-02,1.497629533008121849e-01,-2.500028426571480722e+01
4.000000242214400146e+02,5.000001124643582671e+02,7.000525018193640148e-02,1.500268731187146265e-01,-2.500008606213368978e+01
4.000000748159609429e+02,5.000002905195923972e+02,6.982796756684288286e-02,1.501225983810487163e-01,-2.499976082017505874e+01
3.999999842049846279e+02,4.999999738389855679e+02,6.999704378692986340e-02,1.499228856597831505e-01,-2.500002037264331989e+01
4.000001819695367544e+02,4.999997387002106279e+02,6.992019505801898294e-02,1.500113811126537744e-01,-2.500009262051990078e+01
3.999998241023801597e+02,5.000002419418072463e+02,6.971034433179287837e-02,1.500230540448007632e-01,-2.499987882504927228e+01
3.999997356942031956e+02,4.999999853664693887e+02,6.988717682645172180e-02,1.503022044276906277e-01,-2.500004567437634151e+01
3.999999605637891023e+02,5.000001102706256120e+02,6.991519147582167526e-02,1.500370186386208449e-01,-2.499991036470513350e+01
3.999996688146665633e+02,4.999999954775146307e+02,6.966045926338418348e-02,1.500676148454095360e-01,-2.500025977524689225e+01
3.999998394598873119e+02,5.000000906626086703e+02,6.987545518516170839e-02,1.500335023003904755e-01,-2.499997773523021038e+01
4.000002754654806836e+02,5.000005052226578073e+02,7.027063348150167088e-02,1.499858511859832599e-01,-2.500011795263901604e+01
4.000000300414293406e+02,5.000000133916867071e+02,7.008191138726162228e-02,1.499293394964953396e-01,-2.499992042024683059e+01
4.000000509916193323e+02,4.999999479974973724e+02,6.999456181705432378e-02,1.499360304823513790e-01,-2.500016113445404997e+01
3.999999108167845634e+02,4.999999874309905294e+02,6.974891938994248752e-02,1.499284751309758745e-01,-2.499967569346738827e+01
4.000001082789841576e+02,5.000001393444977111e+02,6.952128820216610383e-02,1.499356855545093681e-01,-2.499999518864956016e+01
4.000000465260197871e+02,5.000000077004874584e+02,7.013089696333398015e-02,1.499751066903845242e-01,-2.500012492120949759e+01
4.000001620853184363e+02,5.000003545429105998e+02,6.991796682271976537e-02,1.501175342275230529e-01,-2.500004707846615304e+01
4.000001994941443400e+02,4.999998426074971576e+02,7.015200023777114213e-02,1.499519508125007061e-01,-2.500003323471674221e+01
4.000001473061378761e+02,5.000000496386567193e+02,7.002144041020941234e-02,1.499061384331666913e-01,-2.499974433570490717e+01
3.999996951152775750e+02,4.999998365163858693e+02,7.014856676033427718e-02,1.498753996408877243e-01,-2.500005368237928494e+01
3.999998704108975289e+02,5.000002533969755518e+02,6.952513221078451822e-02,1.506920341775853656e-01,-2.500020743970997472e+01
4.000001169101903429e+02,4.999999452885847404e+02,7.010050727104479018e-02,1.497699875602328812e-01,-2.500001796694255063e+01
3.999996671128287744e+02,4.999993171571010748e+02,6.996095852740845389e-02,1.495972285986001404e-01,-2.499967713072839004e+01
4.000004971509515030e+02,4.999999169825704257e+02,7.014150185400153115e-02,1.499018114551393388e-01,-2.499951248903904144e+01
3.999998935701391360e+02,5.000002188671141994e+02,7.032382419145591368e-02,1.494731654167463231e-01,-2.500030191192902151e+01
3.999998936112315278e+02,4.999997184835764870e+02,7.001692955031438292e-02,1.498598109394519429e-01,-2.500009615082546688e+01
3.999998398376785644e+02,4.999999774233691596e+02,6.993062428797494623e-02,1.499824063044770672e-01,-2.500005659250595258e+01
3.999998008608206419e+02,4.999994854414792940e+02,6.942694667045568035e-02,1.497781679194532534e-01,-2.500002191755200442e+01
3.999998074064886282e+02,5.000001110652997340e+02,7.019198685643729396e-02,1.501689511811180600e-01,-2.500041160937999152e+01
4.000001922323589838e+02,4.999999271537787422e+02,7.011322548047443926e-02,1.500310680314440315e-01,-2.499983963300566359e+01
4.000004679965492755e+02,4.999992752797119238e+02,7.032557212806138380e-02,1.500332803074815591e-01,-2.500002941603355922e+01
3.999999997146617261e+02,5.000003845152945132e+02,6.944749674482109114e-02,1.492027754839466980e-01,-2.499907187074106929e+01
3.999997029264686148e+02,5.000000919970448194e+02,7.002474849538174728e-02,1.500317189897254211e-01,-2.500020659475817908e+01
4.000001365074587056e+02,5.000002435037977193e+02,6.992808395975838587e-02,1.500921297282852285e-01,-2.500017336656174649e+01
3.999998856168217003e+02,4.999999061375268639e+02,6.973610779026442885e-02,1.499231690944921591e-01,-2.499999258901489441e+01
4.000001156077212841e+02,4.999998521504206224e+02,7.034279273857343973e-02,1.497792744198804538e-01,-2.500004373949322556e+01
3.999999713673411748e+02,5.000002051503020652e+02,7.010675568322559392e-02,1.497488522563635294e-01,-2.499995700864292303e+01
3.999999468330102559e+02,5.000001309111435148e+02,7.014667459923003279e-02,1.502319063341701344e-01,-2.500027900650712098e+01
3.999998591799808310e+02,4.999998063094883491e+02,6.989732429829512150e-02,1.498407484948495183e-01,-2.500006773667761450e+01
4.000001529270106175e+02,4.999999417761828795e+02,6.978383932825725500e-02,1.503326607051909958e-01,-2.499998261403844069e+01
4.000000985048644111e+02,5.000000508868361067e+02,7.011954617099536158e-02,1.495491786303923543e-01,-2.500003332096389030e+01
4.000000635574566559e+02,4.999998136805006652e+02,7.056109009317809710e-02,1.500596835105939553e-01,-2.500007998824403899e+01
4.000002821683711431e+02,5.000002006779109820e+02,7.032376288972329303e-02,1.500952144719517878e-01,-2.499999062279782436e+01
3.999998751584935803e+02,5.000000455187177977e+02,6.961778083215949819e-02,1.494555747366320686e-01,-2.500028875835110043e+01
3.999999469103555043e+02,4.999995166412664389e+02,6.988708737699313167e-02,1.500507403816487562e-01,-2.499996968192106195e+01
4.000000175203424533e+02,4.999999970803497717e+02,7.005956387770682914e-02,1.500304610411579143e-01,-2.500004509455367341e+01
3.999997691043674877e+02,5.000001450457975238e+02,6.989996471204029671e-02,1.497350647996936179e-01,-2.499986126371081951e+01
3.999997748153482462e+02,4.999999643711219619e+02,6.990880481209833797e-02,1.501322278119180953e-01,-2.499995616056425973e+01
4.000003010886856600e+02,5.000002254645849575e+02,6.982256065009689872e-02,1.501045896577116456e-01,-2.499992023825051035e+01
3.999998381519096711e+02,5.000000082818252736e+02,6.966714544191422720e-02,1.498890341229651701e-01,-2.499957510522637705e+01
3.999998778615517381e+02,4.999999257310854546e+02,7.059605034607960294e-02,1.498496347136127615e-01,-2.500128101700020977e+01
3.999999738486562819e+02,4.999998481060737845e+02,7.006992724587446375e-02,1.502319357501770980e-01,-2.500010043421275441e+01
3.999999369879014353e+02,5.000000178564434350e+02,7.004747694705079630e-02,1.497787577728795783e-01,-2.499979136794615897e+01
3.999999234316716752e+02,5.000001576126026066e+02,7.012675851147764927e-02,1.497151071144485757e-01,-2.500006463454397476e+01
4.000002097582976148e+02,4.999998580599993829e+02,6.998823150831724738e-02,1.499355704009147083e-01,-2.499984215483396000e+01
3.999999173595087996e+02,4.999997124065417893e+02,6.918141410221791132e-02,1.494110219034288922e-01,-2.499992272515472891e+01
4.000004253093258626e+02,5.000003630349578998e+02,7.002391618980882693e-02,1.500191041528332325e-01,-2.500010535116546961e+01
4.000001158875101055e+02,5.000000491979000685e+02,6.989331246076362081e-02,1.500681452581688058e-01,-2.500008850106807401e+01
4.000001359392218774e+02,4.999997458646780046e+02,7.012964184749190255e-02,1.498090615030687189e-01,-2.500013040481330862e+01
4.000001425409393505e+02,5.000000022914733790e+02,7.004273798171783971e-02,1.500286402319690182e-01,-2.499997515838288820e+01
3.999996982320109851e+02,4.999998678618668464e+02,6.988669610532262377e-02,1.503342277436336416e-01,-2.499980409925850822e+01
4.000001333155661882e+02,5.000000016800561298e+02,7.013839777787730934e-02,1.500373516573572374e-01,-2.500011093214701674e+01
3.999999589539298199e+02,5.000000238034339759e+02,6.980567847509379364e-02,1.501785509758651604e-01,-2.500004842961070395e+01
4.000002749295232434e+02,5.000007327353619644e+02,6.981018914045075685e-02,1.503945546674793909e-01,-2.499945933188487146e+01
3.999998792383977957e+02,4.999999969772746908e+02,6.990515957790077728e-02,1.499277296377024837e-01,-2.500011408536403223e+01
4.000000804698434536e+02,5.000001939935239079e+02,7.018611066307123281e-02,1.493973115226644444e-01,-2.499983959225618335e+01
3.999999615119217538e+02,4.999999105022668573e+02,6.999697047118125237e-02,1.500464019953173800e-01,-2.499960740106593349e+01
4.000002940650554706e+02,5.000002632144793324e+02,6.943299092450264109e-02,1.503283532078597551e-01,-2.499974843865703633e+01
3.999996564310951044e+02,4.999994392103249652e+02,6.986709536604789050e-02,1.505487366913844938e-01,-2.500000830395032381e+01
3.999999073779981700e+02,5.000001323444481045e+02,7.006729988107789076e-02,1.497169526650142801e-01,-2.499946077122169541e+01
3.999997116701176196e+02,4.999997453300921961e+02,7.003182966131377141e-02,1.497400879701349941e-01,-2.499994173367643668e+01
4.000002470838788895e+02,5.000002598428176270e+02,7.004987395249027970e-02,1.499823982933523869e-01,-2.499989775131947667e+01
3.999998955778008281e+02,4.999997903337216485e+02,7.018431622543964965e-02,1.500035963160821773e-01,-2.499998987404361017e+01
4.000000785843761264e+02,5.000000581544136367e+02,7.001306302076829025e-02,1.500642260479600754e-01,-2.499994044672811455e+01
3.999999877921638358e+02,5.000001606628004538e+02,6.993662165244174389e-02,1.499282704782102793e-01,-2.500009132897186603e+01
4.000003560218700045e+02,4.999996950013516539e+02,6.994277328899652091e-02,1.496774574828210191e-01,-2.499983932332745340e+01
3.999999653706092317e+02,5.000000701068565832e+02,7.024860336165175689e-02,1.502753914381756706e-01,-2.500041698202269203e+01
3.999996735517381126e+02,4.999998745805266367e+02,6.964524915983215381e-02,1.500639886288396008e-01,-2.499974597691694811e+01
3.999999738741568649e+02,5.000000415944675183e+02,7.006227007015042307e-02,1.497987237383638648e-01,-2.499992381759383875e+01
3.999994803232756908e+02,4.999997643240770344e+02,6.964790438149362495e-02,1.499390292234990818e-01,-2.500002807012810635e+01
4.000004082520894144e+02,4.999998331755171534e+02,6.998099926985267005e-02,1.501459376814704427e-01,-2.499985709767038955e+01
3.999997373038569322e+02,5.000001183752970064e+02,7.040672403535330748e-02,1.502893163858541603e-01,-2.499978249233272720e+01
4.000004809539002508e+02,5.000000263235944544e+02,6.984792600267640539e-02,1.502822705122156821e-01,-2.500034853939698465e+01
4.000000487433814556e+02,4.999999149015840771e+02,7.002206235954745728e-02,1.501224122000894834e-01,-2.500011928961197682e+01
4.000001290595714636e+02,5.000002099497286849e+02,7.000195292761293708e-02,1.502181750878822664e-01,-2.499994752818474808e+01
4.000001102721521420e+02,4.999998081845927800e+02,7.048129439267426799e-02,1.503476652688192361e-01,-2.499978615303776053e+01
4.000001481197125486e+02,4.999999173446208829e+02,6.990567313456831633e-02,1.502388209750367687e-01,-2.499989092937713409e+01
3.999998914897882401e+02,5.000004310614201586e+02,6.999845531992274217e-02,1.502246006048280069e-01,-2.500007478455633603e+01
3.999994919635357746e+02,5.000007450060385850e+02,6.964424837032015536e-02,1.501982990939531859e-01,-2.499987550115377744e+01
3.999999625260861080e+02,5.000001302523053255e+02,6.980630831874036490e-02,1.499872039929051049e-01,-2.500005407818759551e+01
4.000002654498013044e+02,5.000002191720533347e+02,6.972098545537470937e-02,1.506021372670719172e-01,-2.499932186952614188e+01
3.999999025468397349e+02,5.000003382465422419e+02,6.999279310927479514e-02,1.497529277020944460e-01,-2.499976153984759719e+01
4.000001431379233168e+02,5.000001008376273717e+02,7.015191154974542709e-02,1.498586455466450196e-01,-2.500044402336015992e+01
4.000001672035461979e+02,5.000002318951517850e+02,6.994081520909724292e-02,1.501593376850489936e-01,-2.500031331588918704e+01
4.000000185635857974e+02,5.000000261487521129e+02,7.011189507068101012e-02,1.497236648076678278e-01,-2.500062463235436283e+01
3.999999758159981411e+02,5.000000226427437156e+02,6.996200253785890555e-02,1.499605924978828497e-01,-2.500002170622576969e+01
3.999998349507001194e+02,4.999998924010189967e+02,7.015764504863057638e-02,1.502338357550712100e-01,-2.499997296153716064e+01
3.999996345461654528e+02,5.000003775601501275e+02,7.022642471246953733e-02,1.498335705028382703e-01,-2.499978377274861785e+01
4.000003780840185641e+02,5.000004918685432926e+02,6.995784839771132524e-02,1.503614818744729020e-01,-2.499982484224522139e+01
3.999998729116404661e+02,4.999999651603782240e+02,7.023136720956789369e-02,1.500135437293401708e-01,-2.500013088044184073e+01
4.000003937399385450e+02,5.000002537455586662e+02,6.976580438702199849e-02,1.497950049378028725e-01,-2.499990271862034064e+01
4.000009797455477951e+02,4.999992158021466366e+02,6.997336564058607988e-02,1.497590854064092813e-01,-2.500007022077264907e+01
4.000003046915949767e+02,5.000000195535472471e+02,6.971096312928770633e-02,1.505290683882955505e-01,-2.499991565533496285e+01
3.999997378442193394e+02,4.999998805369048682e+02,6.999955946404755325e-02,1.498402472341900382e-01,-2.500001840143007215e+01
3.999998382524369163e+02,5.000000035116390222e+02,7.011937764609432744e-02,1.499532443697579320e-01,-2.500000129314600272e+01
4.000004912918516879e+02,4.999996397068363194e+02,7.003691753342791704e-02,1.500364242026815398e-01,-2.499999712464639501e+01
4.000001744329665598e+02,4.999995907751260233e+02,6.999405963361256255e-02,1.501851147037610024e-01,-2.499933139997529352e+01
3.999999555409994514e+02,5.000001052778176245e+02,6.998743292119589954e-02,1.499546791083999908e-01,-2.499986379464249708e+01
3.999998098496732268e+02,5.000001361615042583e+02,6.999504847521770268e-02,1.500821411644281955e-01,-2.499993405364642740e+01
4.000000331646947416e+02,5.000000444774455559e+02,6.997253850765515482e-02,1.501267204494548535e-01,-2.500005473690281477e+01
4.000000822463107397e+02,5.000004602620626315e+02,7.026864699917798052e-02,1.504111035607703095e-01,-2.499991408800363857e+01
3.999999832424625765e+02,5.000001570947782739e+02,7.006725603794893009e-02,1.503244045420304154e-01,-2.499994687745558153e+01
3.999996845566060983e+02,5.000005273573910358e+02,6.909693538452366113e-02,1.503107290744297442e-01,-2.500047780015902177e+01
4.000001065651395606e+02,5.000002511930238143e+02,6.972621370181579514e-02,1.498696002799459193e-01,-2.500022689297878031e+01
4.000000850849364724e+02,4.999999830957434597e+02,7.003459803488124025e-02,1.499746085581653565e-01,-2.499991127466926244e+01
4.000004356326086850e+02,5.000001589106457232e+02,7.015008534731646817e-02,1.500556353104548768e-01,-2.500017742033439205e+01
4.000000301500418232e+02,4.999998335351886567e+02,7.023755259151458208e-02,1.500000436696019290e-01,-2.499996868893165214e+01
3.999996772717828435e+02,4.999986861760288548e+02,7.052563277163351185e-02,1.501065039579533300e-01,-2.500034584972116036e+01
4.000000565229043445e+02,5.000008469413708667e+02,7.042449782950017945e-02,1.493264071174738583e-01,-2.499973723004434589e+01
4.000001676226454492e+02,5.000003508784714654e+02,7.024053919658515555e-02,1.499198935866535853e-01,-2.500039225191660108e+01
4.000000283047062339e+02,5.000001519517527413e+02,6.994579364110292685e-02,1.499729292848748230e-01,-2.499984379173334048e+01
3.999999679902505250e+02,5.000001752665688741e+02,6.997131397495240379e-02,1.500709784071611319e-01,-2.500004578287689228e+01
3.999999331430132656e+02,4.999999678030536643e+02,7.006416156094541492e-02,1.500268431881402464e-01,-2.499974112624516920e+01
3.999999073618857324e+02,5.000003838528328401e+02,7.000343738390335524e-02,1.501188089478282250e-01,-2.499975952843780291e+01
4.000000246110932380e+02,5.000000517840437055e+02,7.003582762509791282e-02,1.501147145828943263e-01,-2.499999807985534162e+01
3.999999599403049046e+02,4.999999753510739424e+02,6.999277551944653453e-02,1.500580465939920227e-01,-2.499999392837363388e+01
3.999999797649894617e+02,5.000000829241760698e+02,7.006056191627413332e-02,1.500067495611885071e-01,-2.499991941659471451e+01
3.999998324570319710e+02,5.000001684122984784e+02,6.893973278424764262e-02,1.495156460549700028e-01,-2.500030258246477644e+01
4.000001710969449960e+02,4.999999686239358425e+02,7.012298863321377029e-02,1.499863141711772208e-01,-2.500015771089068650e+01
4.000000223250208364e+02,5.000000057551172858e+02,6.996359572325017151e-02,1.496687987285183208e-01,-2.500000188401373791e+01
3.999997756059140102e+02,5.000001463172326908e+02,6.997836289906440854e-02,1.500464323188080706e-01,-2.500017445317195453e+01
3.999999148454620581e+02,5.000001538180074476e+02,6.956657717122990969e-02,1.496981259230172334e-01,-2.500027135150822133e+01
4.000002306742465521e+02,5.000002410632019405e+02,6.945461844718125999e-02,1.506469489437985976e-01,-2.499929221659799339e+01
3.999996634256734751e+02,5.000005493992422885e+02,7.015382019203120212e-02,1.496148967871850088e-01,-2.499992894847900970e+01
3.999998968610174188e+02,5.000001149197273662e+02,6.989312490894930563e-02,1.501037428541326657e-01,-2.500026572447737294e+01
3.999999066466021418e+02,4.999997586853825737e+02,6.985844233902563372e-02,1.500330475266989649e-01,-2.500015696832857870e+01
4.000001824198293434e+02,4.999998554369114458e+02,7.006191617714352393e-02,1.501276030772202563e-01,-2.500008006404012306e+01
4.000001478835104649e+02,5.000000227174052156e+02,6.989843162122606757e-02,1.501115580392219095e-01,-2.500024746114037555e+01
4.000000990218352399e+02,4.999998586133399385e+02,6.993167595349783494e-02,1.499349082283043533e-01,-2.499998779510884717e+01
3.999999034299605114e+02,5.000003509526395078e+02,6.989489714419626354e-02,1.503004156694882354e-01,-2.499992530785797484e+01
3.999999617213571810e+02,5.000005489571211115e+02,6.975561068047332614e-02,1.501100382603929306e-01,-2.500028288629501461e+01
3.999999280301031490e+02,5.000002391599912812e+02,7.009429073044941283e-02,1.495459947762351471e-01,-2.499934659090731870e+01
3.999998460254744828e+02,5.000002435678695747e+02,7.010481322689753048e-02,1.501994199143252273e-01,-2.499997282077907101e+01
4.000000564984480889e+02,5.000000703416806687e+02,7.021754186544587606e-02,1.499592927316556190e-01,-2.499984649919661095e+01
4.000001580727596320e+02,5.000000559188703733e+02,7.016160777521920910e-02,1.499683953620180032e-01,-2.499993824380379692e+01
4.000000440689524339e+02,4.999997315217767664e+02,6.995529303209453709e-02,1.500158945256676035e-01,-2.500005558080118462e+01
3.999996119327315114e+02,4.999997456647553236e+02,6.992281966885668942e-02,1.496201889632162441e-01,-2.499988097673341159e+01
3.999996514614162493e+02,5.000002570835107463e+02,6.980997318988364786e-02,1.500131293489618822e-01,-2.499984414614963768e+01
4.000000546297951018e+02,5.000001182403011057e+02,6.991799639438200931e-02,1.500940097205956392e-01,-2.499987422195421161e+01
3.999999660195532556e+02,5.000001203284764983e+02,6.985344116221910149e-02,1.499432583383791262e-01,-2.500003034421533243e+01
3.999997560785371888e+02,5.000004322337567260e+02,7.017291959468947848e-02,1.500900335415493447e-01,-2.499993403464383945e+01
3.999993795898886333e+02,4.999999316237182256e+02,6.993270483469926635e-02,1.504863641422036769e-01,-2.500020911611422747e+01
3.999999906981018967e+02,5.000005666100485087e+02,6.971051911500121545e-02,1.499328842164886488e-01,-2.499952986818439982e+01
3.999989891998217217e+02,5.000001817205226189e+02,6.920696740522817858e-02,1.500631041205006122e-01,-2.500043572737407871e+01
4.000000525996638885e+02,5.000001708239768732e+02,7.000819962838322752e-02,1.503046827123706852e-01,-2.499987601140040283e+01
4.000000457577452266e+02,4.999998878640846556e+02,7.021154502305210210e-02,1.500218539028738973e-01,-2.499993435251453278e+01
3.999997225660243885e+02,4.999993808378899303e+02,7.032413162531356288e-02,1.500043396424930175e-01,-2.499977095641305525e+01
4.000004412563465621e+02,4.999997930925200649e+02,7.009191460523675477e-02,1.503225499161872369e-01,-2.499980497458415130e+01
3.999998510618001433e+02,4.999996026647031044e+02,6.985323213273160470e-02,1.503715837389443533e-01,-2.500031957238578073e+01
4.000000350251633563e+02,5.000000848740561992e+02,7.003168705428086671e-02,1.499127978196474198e-01,-2.499997708695948617e+01
4.000000251508112115e+02,5.000000534215425319e+02,6.997287251071666880e-02,1.501249186280169956e-01,-2.499989870566546557e+01
3.999999305082034198e+02,5.000000382141571436e+02,6.998204351936025691e-02,1.500083262486399671e-01,-2.500001811453590506e+01
3.999997454089747180e+02,5.000009544328560196e+02,6.989150791859286005e-02,1.503987326648493494e-01,-2.499981561590363555e+01
3.999998695374080171e+02,5.000000061704996028e+02,6.981828384588879832e-02,1.497758330796434556e-01,-2.499954013154995280e+01
3.999997246399597088e+02,4.999999579643301217e+02,6.980006262367814684e-02,1.498887306794461638e-01,-2.500001376617667148e+01
3.999999086003703042e+02,5.000000141847270356e+02,6.993301759559703012e-02,1.498162646411340115e-01,-2.499984108885103851e+01
3.999999943875740200e+02,4.999998949160169559e+02,6.972391210660595917e-02,1.498299496883025994e-01,-2.499968996137913635e+01
4.000000399197880370e+02,4.999996701902137488e+02,6.994178120636640461e-02,1.501283746804837615e-01,-2.499948243584245589e+01
4.000002338206350601e+02,4.999997032558849241e+02,7.014437770620890467e-02,1.501134159756910835e-01,-2.499994491923950690e+01
3.999998784366370614e+02,4.999999921105662679e+02,7.008203208007189600e-02,1.499175735503517071e-01,-2.500009694570516672e+01
3.999999701319202359e+02,5.000002242108028554e+02,7.014763130839871130e-02,1.499433592970524365e-01,-2.500002528672553126e+01
4.000000792956533360e+02,5.000003777305475978e+02,6.993993072579390846e-02,1.499218115154614117e-01,-2.500018555251244834e+01
3.999997220223218619e+02,4.999996960190471782e+02,7.013296046233741254e-02,1.496529724661014860e-01,-2.499938969911620035e+01
4.000001103679389871e+02,5.000000466197611217e+02,7.002477834076099861e-02,1.500490772576013876e-01,-2.499973903385150464e+01
3.999994463166603964e+02,5.000000250649596296e+02,7.072680572120643161e-02,1.500327677799090098e-01,-2.500058599009113536e+01
3.999997437916205740e+02,5.000002273669146007e+02,6.969588289585450236e-02,1.503677777278893402e-01,-2.499993568955203216e+01
3.999998835477766193e+02,4.999994533960240233e+02,7.067386703070932530e-02,1.501237698009855182e-01,-2.499981101053135291e+01
4.000001061261088466e+02,5.000000106103850612e+02,6.992352468985268965e-02,1.499966191997728349e-01,-2.499994124695798092e+01
3.999999654261021647e+02,4.999997442073485558e+02,6.971398929423024138e-02,1.500541946736315413e-01,-2.499992587886651307e+01
3.999999890457979745e+02,5.000003526046108391e+02,6.986039709547917087e-02,1.501101895563009270e-01,-2.500044143263011165e+01
4.000001675985363931e+02,5.000001804856658509e+02,6.986676945900413549e-02,1.500371872003999629e-01,-2.499988343627071075e+01
4.000002156329710488e+02,5.000000921717065694e+02,7.002595113485397815e-02,1.496705394375169584e-01,-2.500001379241797395e+01
4.000001465851043463e+02,4.999998927407223732e+02,6.981989843896481418e-02,1.498488038976216186e-01,-2.500003387156614210e+01
3.999990158701857581e+02,4.999998473720459060e+02,7.099584963759454637e-02,1.487337650889062057e-01,-2.500129212767246045e+01
4.000000909839094447e+02,5.000001405568975770e+02,6.993891282251325781e-02,1.498780893747090615e-01,-2.499991519066783496e+01
3.999999932314225362e+02,4.999999148920033463e+02,6.952777031686765974e-02,1.501585315315176195e-01,-2.500025486737420977e+01
3.999998748320358004e+02,5.000001684026817657e+02,7.012989565479155196e-02,1.499388892047901489e-01,-2.500028048468795561e+01
3.999996570548991031e+02,5.000002086789183409e+02,7.007525159256006164e-02,1.500109090535919620e-01,-2.500010909460590369e+01
3.999998488075209480e+02,4.999998710772881623e+02,6.997548228470848453e-02,1.499338459630505382e-01,-2.500024526395750613e+01
4.000002200445670155e+02,5.000000831781143802e+02,7.000563664238353134e-02,1.501017078746883782e-01,-2.500034931444242403e+01
4.000002230244703583e+02,4.999999828120219831e+02,7.040857823339070898e-02,1.502162694242093199e-01,-2.500012994025366453e+01
3.999996891809873318e+02,5.000002511588610901e+02,7.007551606890037588e-02,1.502054777202992686e-01,-2.500001753954687800e+01
4.000000617683592736e+02,4.999998294133147851e+02,7.006942817044048422e-02,1.500015010930743353e-01,-2.500010022227054307e+01
4.000000656908691781e+02,5.000001342935973980e+02,6.964958529052443781e-02,1.497426391437559623e-01,-2.499981891982671911e+01
3.999999785139715982e+02,4.999999763356966014e+02,6.999598151484164033e-02,1.498934704028501708e-01,-2.499998153787791111e+01
4.000002997958246738e+02,5.000000833002072227e+02,6.995509616475761860e-02,1.502387457933853088e-01,-2.500082054692844835e+01
3.999998525258484392e+02,4.999996635953737609e+02,7.001913937834371160e-02,1.497349683729171932e-01,-2.500100108509831287e+01
4.000000845352552119e+02,5.000000774619960566e+02,6.999899958148785017e-02,1.498264614608209033e-01,-2.500001229756102106e+01
4.000000404697762519e+02,4.999999374458619172e+02,6.990318989694659091e-02,1.498634033093509121e-01,-2.500018559245282290e+01
3.999998143686061098e+02,4.999999327364859028e+02,7.036158370219208757e-02,1.499951790908226890e-01,-2.500006147490557495e+01
4.000001410682344840e+02,4.999996701870119864e+02,7.003039451800784077e-02,1.499328717868422256e-01,-2.500001740147105878e+01
3.999999740764747571e+02,5.000000801874255103e+02,7.000455867113553055e-02,1.499922313431578391e-01,-2.499995323170705319e+01
4.000009813066618563e+02,4.999996236453421830e+02,6.973248943394305677e-02,1.505348215979767923e-01,-2.499957120115485054e+01
3.999999949422708028e+02,5.000001861324813603e+02,6.999259284167996809e-02,1.498762531055110037e-01,-2.499975692220680301e+01
4.000000025606967142e+02,5.000000614122121192e+02,7.000890558290369381e-02,1.499770627834124126e-01,-2.500014171645109329e+01
4.000000124440834384e+02,5.000001165168216630e+02,7.001274040702720747e-02,1.500090129285084062e-01,-2.499985833583638950e+01
3.999999969410375797e+02,4.999998178984067181e+02,7.022830959701488462e-02,1.500440157810937480e-01,-2.500005541951987453e+01
4.000008516067397295e+02,5.000005819931834026e+02,7.005306133769111099e-02,1.499525520234064602e-01,-2.499952195893125051e+01
3.999998932025786189e+02,4.999998165273620430e+02,7.010780722462317538e-02,1.498785138122972482e-01,-2.499993876222003664e+01
4.000000025294343686e+02,5.000000685219110323e+02,6.982794682989046375e-02,1.499709338276654369e-01,-2.499998510839266785e+01
4.000001038265905322e+02,5.000004577016381404e+02,6.988753999403775341e-02,1.499953010561796696e-01,-2.499996838362010720e+01
3.999999014144399894e+02,5.000001903951076656e+02,7.005482095882821503e-02,1.497940291229161169e-01,-2.500017741145391881e+01
4.000003004308551340e+02,5.000001836670314219e+02,7.015080681072796698e-02,1.503115357072743463e-01,-2.499985317234989779e+01
3.999999199636343974e+02,5.000000719382640568e+02,6.990879313701195419e-02,1.497704449321358711e-01,-2.500009507092290661e+01
3.999996797604429730e+02,4.999997624556691562e+02,6.999081551710646665e-02,1.500651502833864059e-01,-2.499967715102101806e+01
3.999999518973966701e+02,4.999998878834801985e+02,6.999571220520095505e-02,1.500682008557581437e-01,-2.499988532568981014e+01
4.000001558686841463e+02,5.000001206359062849e+02,6.989055501206578591e-02,1.501409503071080009e-01,-2.499975948893573374e+01
4.000000574069437107e+02,4.999996746638038871e+02,7.019190700299000885e-02,1.500781692755262797e-01,-2.500048535912129211e+01
3.999999415336520769e+02,4.999998358010623747e+02,6.999051839912823203e-02,1.502448146588811484e-01,-2.500011283589128297e+01
3.999999856245269712e+02,4.999996295810284437e+02,7.007220416120074624e-02,1.501357191225722587e-01,-2.500029538847838850e+01
3.999999033656118286e+02,4.999998997149330648e+02,6.998815135088645722e-02,1.498865118509710992e-01,-2.500019756307773378e+01
4.000000985232452990e+02,4.999998410088893479e+02,7.029435564029537509e-02,1.501541159422895566e-01,-2.500004531372232108e+01
4.000000236481613456e+02,5.000000464981118853e+02,6.982496027486971568e-02,1.500145176210928022e-01,-2.500012504855104112e+01
4.000002529182107196e+02,5.000000691225903324e+02,6.973819756057933472e-02,1.499040266177816549e-01,-2.499957145117906521e+01
4.000008327438547440e+02,4.999995212679505130e+02,7.004995659643420414e-02,1.501922337182753087e-01,-2.500074827063383864e+01
4.000001059788314137e+02,5.000000570500312733e+02,7.016664979084477616e-02,1.499044994989138513e-01,-2.500003046305196008e+01
4.000001555381267622e+02,5.000000304368657567e+02,7.003098308539712491e-02,1.500515123739316059e-01,-2.500037717097223933e+01
4.000000003942908506e+02,4.999997007486950338e+02,6.985011638237997866e-02,1.499477909820961796e-01,-2.499989232593951272e+01
4.000001173350977410e+02,4.999996876369276038e+02,6.983140823430214472e-02,1.500265232620954237e-01,-2.500015271069075595e+01
3.999999634979981238e+02,4.999996751327893776e+02,6.984148670653830826e-02,1.500906585782054437e-01,-2.500021077507161138e+01
3.999999511342608685e+02,5.000000640870871393e+02,6.992225078491719203e-02,1.498985820015888704e-01,-2.499994622315605497e+01
4.000001784953890365e+02,4.999999476998785326e+02,7.023236485579320565e-02,1.500943675020681156e-01,-2.499991091419421707e+01
3.999996450695604722e+02,4.999998749482751350e+02,6.991543471128497389e-02,1.501803412972069485e-01,-2.499983414182726449e+01
3.999997329533711081e+02,4.999996929303574689e+02,7.027704062322417955e-02,1.499555759913458186e-01,-2.499976342675909535e+01
4.000000570895026044e+02,5.000000306231241325e+02,7.008228224598848921e-02,1.501876081471985869e-01,-2.499995120320652475e+01
3.999999541911232086e+02,5.000001084473516926e+02,6.949247530730703892e-02,1.497031234554006829e-01,-2.500018480191575776e+01
3.999996205411186452e+02,5.000000631749651916e+02,7.005213759839995502e-02,1.499108131968316104e-01,-2.499969533966823931e+01
3.999999500939416066e+02,4.999999633309064393e+02,7.005086720642289544e-02,1.500528854311794225e-01,-2.499985738227969279e+01
3.999999539942580213e+02,4.999997351193666191e+02,6.984609731917436337e-02,1.496175203836815903e-01,-2.499959206472711770e+01
4.000007969516506137e+02,5.000000622709960112e+02,7.112950873611940950e-02,1.504182831532345777e-01,-2.500003026248382554e+01
3.999997852748135756e+02,5.000000103054546230e+02,7.023642858389177179e-02,1.498423225592125652e-01,-2.500065306641045382e+01
4.000000624644879395e+02,4.999993005908141868e+02,6.981674691597372640e-02,1.503462455336668502e-01,-2.500017967094778726e+01
4.000000018832998308e+02,4.999999799800012852e+02,7.007147086824835891e-02,1.500762897487889491e-01,-2.500014730697293075e+01
3.999998687375028226e+02,5.000006458871706059e+02,6.937848572361270116e-02,1.494962340809382617e-01,-2.499986300150328589e+01
3.999999466521394424e+02,4.999997655274275417e+02,7.001635167469066889e-02,1.499455663768977653e-01,-2.499989477623584833e+01
3.999999415144247905e+02,5.000003426530726074e+02,7.017375184123150755e-02,1.499600623986560577e-01,-2.500014471877059918e+01
4.000001929764113129e+02,5.000012729834985521e+02,6.980609136768665957e-02,1.501637600822776641e-01,-2.500059728982405716e+01
4.000011310413418641e+02,4.999996522711217040e+02,7.008189271951115185e-02,1.490178288227387293e-01,-2.499912118399605276e+01
3.999998047693918011e+02,4.999997878978179529e+02,6.981082354990904293e-02,1.500636968423115780e-01,-2.500010776088981146e+01
4.000001323679449001e+02,5.000004695045348058e+02,6.976377608036525568e-02,1.501053878565459243e-01,-2.500029052262234330e+01
3.999999832825236012e+02,5.000000986900998328e+02,6.992954802001143111e-02,1.504294601852457502e-01,-2.499944498301693585e+01
4.000000155423535944e+02,5.000000637854694787e+02,7.007458874111006930e-02,1.500842194238851124e-01,-2.500002894867154524e+01
3.999999680247795482e+02,5.000000311838444986e+02,7.019376863851917170e-02,1.496272712124199489e-01,-2.499996960451346339e+01
3.999994659498439660e+02,5.000003886638413633e+02,6.981496366681333443e-02,1.508137434012751521e-01,-2.500062825819500034e+01
3.999999968713974567e+02,4.999996801705944449e+02,7.021776957669439989e-02,1.497884131327192336e-01,-2.499976396467802076e+01
3.999995462114104043e+02,5.000001648720212302e+02,7.001961894786506990e-02,1.501856622694678067e-01,-2.500037402142207199e+01
3.999999623169930487e+02,5.000005878338383241e+02,6.963809679015205145e-02,1.497629533008121849e-01,-2.500028426571480722e+01
4.000002032417318674e+02,5.000003772328907985e+02,7.016385573010895660e-02,1.499968337830230591e-01,-2.500006836114759778e+01
4.000000768610609612e+02,5.000008723459446287e+02,6.948100906950906153e-02,1.501533843216453501e-01,-2.499906636805670246e+01
3.999999689844276531e+02,5.000000270304545893e+02,6.996192099446105206e-02,1.498942032704484451e-01,-2.499993649659868566e+01
3.999999583385090887e+02,4.999997130383209765e+02,6.985252049410256570e-02,1.498696273309341465e-01,-2.499998022228550454e+01
3.999997656859657127e+02,5.000003565878076301e+02,6.958888622392549184e-02,1.500080056754987123e-01,-2.499982932544513048e+01
3.999997315754744704e+02,4.999999803481589993e+02,6.988846109702036291e-02,1.502966659653178771e-01,-2.500003606059850014e+01
3.999999605637891023e+02,5.000001102706256120e+02,6.991519147582167526e-02,1.500370186386208449e-01,-2.499991036470513350e+01
3.999995073939904273e+02,4.999997509025167801e+02,6.949916065152052236e-02,1.499074425659360221e-01,-2.500048989644300335e+01
3.999998286955191702e+02,5.000000403796160526e+02,6.990556713181869664e-02,1.500371943217388981e-01,-2.499993796550879921e+01
4.000002771098449443e+02,5.000005071133713841e+02,7.027280254284402894e-02,1.499862376939750386e-01,-2.500011989657872391e+01
4.000000300414293406e+02,5.000000133916867071e+02,7.008191138726162228e-02,1.499293394964953396e-01,-2.499992042024683059e+01
4.000000971668400211e+02,4.999999760089992833e+02,6.999402576737227821e-02,1.498744426723173651e-01,-2.500028965385926938e+01
3.999998366629505426e+02,4.999998122821975244e+02,6.953412930066592279e-02,1.499745071194088508e-01,-2.499960409301987951e+01
4.000001082294877506e+02,5.000001399546640073e+02,6.952270916882762053e-02,1.499365894752765771e-01,-2.499999503445145166e+01
4.000000465260197871e+02,5.000000077004874584e+02,7.013089696333398015e-02,1.499751066903845242e-01,-2.500012492120949759e+01
4.000002815680445565e+02,5.000007643251763056e+02,6.993248460016034118e-02,1.503672083591675313e-01,-2.499991099364974900e+01
4.000001994941443400e+02,4.999998426074971576e+02,7.015200023777114213e-02,1.499519508125007061e-01,-2.500003323471674221e+01
4.000000925702792074e+02,5.000001818072538526e+02,6.996953081097985472e-02,1.498844376918313515e-01,-2.499969567782169477e+01
3.999996738884326533e+02,4.999998081910410406e+02,7.015177946845949086e-02,1.498851233753284717e-01,-2.500006111066192460e+01
3.999998260109566104e+02,5.000002745762783434e+02,6.952558458466991109e-02,1.508330731943502145e-01,-2.500024709506625342e+01
4.000001169101903429e+02,4.999999452885847404e+02,7.010050727104479018e-02,1.497699875602328812e-01,-2.500001796694255063e+01
3.999994486223770309e+02,4.999987770753008363e+02,6.998266489605617369e-02,1.490221113172500444e-01,-2.499983755742070102e+01
4.000008774856094647e+02,4.999998624628142920e+02,7.036498317368790334e-02,1.498231705207283826e-01,-2.499912322741614901e+01
3.999998935701391360e+02,5.000002188671141994e+02,7.032382419145591368e-02,1.494731654167463231e-01,-2.500030191192902151e+01
3.999998885914458810e+02,4.999996840392969943e+02,7.001340997897051444e-02,1.498690508009104250e-01,-2.500013113656218167e+01
3.999997350915157881e+02,4.999998566042017956e+02,6.995611423494306480e-02,1.500060867823484745e-01,-2.500006871347720150e+01
3.999997610643742973e+02,4.999993835506446089e+02,6.931700702741633302e-02,1.497446685039947323e-01,-2.500003969062749931e+01
3.999997690548642026e+02,5.000001216190345303e+02,7.037554624483398358e-02,1.502949404341774042e-01,-2.500047509242990884e+01
4.000002618173026008e+02,4.999998770292831409e+02,7.012444430203225443e-02,1.501078009274943170e-01,-2.499993218232032177e+01
4.000004679965492755e+02,4.999992752797119238e+02,7.032557212806138380e-02,1.500332803074815591e-01,-2.500002941603355922e+01
3.999999520218028124e+02,5.000005571649901412e+02,6.913739814832044195e-02,1.488520898061453934e-01,-2.499854308826237670e+01
3.999996028809817403e+02,5.000000458713194007e+02,7.012504422202167631e-02,1.500959718100196294e-01,-2.500018380644142013e+01
4.000000791800974866e+02,5.000003867481418069e+02,6.992424776295216859e-02,1.502004236005166360e-01,-2.500026060373696168e+01
3.999997710921362568e+02,4.999999636658925510e+02,6.933877485824904707e-02,1.498622555098869380e-01,-2.500001152687231354e+01
4.000001870119472756e+02,4.999998467848548103e+02,7.040767011868261094e-02,1.497677494403872600e-01,-2.500004852885158968e+01
3.999999146033309785e+02,5.000003906664019837e+02,7.013079119726577104e-02,1.495742406030265981e-01,-2.499999240593932015e+01
3.999999468330102559e+02,5.000001309111435148e+02,7.014667459923003279e-02,1.502319063341701344e-01,-2.500027900650712098e+01
3.999998591799808310e+02,4.999998063094883491e+02,6.989732429829512150e-02,1.498407484948495183e-01,-2.500006773667761450e+01
4.000001529270106175e+02,4.999999417761828795e+02,6.978383932825725500e-02,1.503326607051909958e-01,-2.499998261403844069e+01
3.999999884359938278e+02,5.000002819345258445e+02,7.005817254519733361e-02,1.494049682813616831e-01,-2.500003448421407626e+01
4.000000966883534943e+02,4.999996948064335811e+02,7.066942302292937572e-02,1.500279294263572594e-01,-2.500008099019194674e+01
4.000002821683711431e+02,5.000002006779109820e+02,7.032376288972329303e-02,1.500952144719517878e-01,-2.499999062279782436e+01
3.999998531713708303e+02,4.999998797734593836e+02,6.956130673309660062e-02,1.495510406595098318e-01,-2.500020979139053168e+01
3.999998509428182274e+02,4.999996049445064727e+02,6.992434935495676906e-02,1.500559168115010722e-01,-2.499986459684058815e+01
4.000000175203424533e+02,4.999999970803497717e+02,7.005956387770682914e-02,1.500304610411579143e-01,-2.500004509455367341e+01
3.999997964865899576e+02,5.000001317761669384e+02,6.990156714523275416e-02,1.497414865905295767e-01,-2.499990370168118048e+01
3.999998543417754604e+02,5.000001333010105213e+02,6.984019164224936072e-02,1.501883473375061062e-01,-2.500018959020223264e+01
4.000003010886856600e+02,5.000002254645849575e+02,6.982256065009689872e-02,1.501045896577116456e-01,-2.499992023825051035e+01
3.999998318143368579e+02,4.999999951062074501e+02,6.968541852896602273e-02,1.498815709373598759e-01,-2.499959347573222246e+01
3.999998949972377886e+02,4.999999213552287642e+02,7.058560874717144384e-02,1.498450959507536262e-01,-2.500121270225675474e+01
3.999998550391131289e+02,4.999998435734298710e+02,6.999060210913149449e-02,1.503373923692290504e-01,-2.500022848117047758e+01
3.999999372315961637e+02,5.000000177935740453e+02,7.004751352263986763e-02,1.497795194381501827e-01,-2.499979213573414327e+01
3.999996945717780932e+02,5.000002028005588954e+02,7.023114312432987560e-02,1.493966923786625711e-01,-2.499960497857916408e+01
4.000005614430377250e+02,5.000006320396179831e+02,6.963330078541829504e-02,1.498226760422505244e-01,-2.499950948574172216e+01
3.999999173595087996e+02,4.999997124065417893e+02,6.918141410221791132e-02,1.494110219034288922e-01,-2.499992272515472891e+01
4.000004909536551736e+02,5.000003593758710849e+02,7.004095744483793129e-02,1.500385303035484397e-01,-2.500008932355319402e+01
3.999999771913119844e+02,5.000000802997035976e+02,6.994782184399997438e-02,1.498709460977972474e-01,-2.500024472705733203e+01
4.000001359392218774e+02,4.999997458646780046e+02,7.012964184749190255e-02,1.498090615030687189e-01,-2.500013040481330862e+01
4.000004387453239474e+02,4.999998350978772805e+02,7.030039358739875732e-02,1.497767175112657556e-01,-2.500000447715586915e+01
3.999996982320109851e+02,4.999998678618668464e+02,6.988669610532262377e-02,1.503342277436336416e-01,-2.499980409925850822e+01
4.000001333155661882e+02,5.000000016800561298e+02,7.013839777787730934e-02,1.500373516573572374e-01,-2.500011093214701674e+01
3.999997879556839848e+02,4.999999747025784131e+02,6.950924563029595160e-02,1.503419655808444777e-01,-2.500020277897637655e+01
4.000003032687097857e+02,5.000008504460656127e+02,6.979565786778588188e-02,1.504581014891470392e-01,-2.499938673917569076e+01
3.999992813540505949e+02,5.000000889453447144e+02,6.942949464325148812e-02,1.501662187087515477e-01,-2.500069197717693470e+01
4.000003842028031613e+02,5.000004165578204720e+02,7.037493279107019661e-02,1.488510740481494565e-01,-2.499984339444688430e+01
3.999999220172086325e+02,4.999999669893880991e+02,7.003893363234522940e-02,1.500514404298158022e-01,-2.499946918769009230e+01
4.000003296027296642e+02,5.000002998970695103e+02,6.933279679811614471e-02,1.503790666624628680e-01,-2.499969438934617827e+01
3.999995869853094064e+02,4.999990164465987164e+02,6.942092199180430190e-02,1.511307642230438619e-01,-2.499929283327757190e+01
3.999999024299058874e+02,5.000000852594995990e+02,7.017036546022542565e-02,1.498128096661279218e-01,-2.499956248253413094e+01
3.999997116701176196e+02,4.999997453300921961e+02,7.003182966131377141e-02,1.497400879701349941e-01,-2.499994173367643668e+01
4.000006200743649742e+02,5.000008092703820353e+02,7.008442568656467198e-02,1.502040874627706690e-01,-2.499890699935354377e+01
3.999997255272103303e+02,4.999992389957401429e+02,7.042882116450076280e-02,1.500111682911411393e-01,-2.500000404438010193e+01
4.000001324309630490e+02,5.000000736160546353e+02,7.010640840494748727e-02,1.500127675157832963e-01,-2.499989184279947096e+01
3.999999545042820728e+02,5.000001481271257262e+02,6.993640727875176377e-02,1.499588158356848222e-01,-2.500009777565026781e+01
4.000005127520827273e+02,4.999996587794140055e+02,6.980969624194513501e-02,1.495837366635688892e-01,-2.499963203182319660e+01
3.999999489227623144e+02,5.000000561490829227e+02,7.020886576322922512e-02,1.504196689766905681e-01,-2.500019967616906769e+01
3.999997275061031701e+02,4.999999699031485534e+02,6.986562897565803953e-02,1.501062970851311240e-01,-2.500001428100595646e+01
3.999997683582010950e+02,4.999999150632656892e+02,7.006442624104992911e-02,1.497627057442266485e-01,-2.500001791045165689e+01
3.999992305925691198e+02,4.999996064869320094e+02,6.964718726868339427e-02,1.500228135565019882e-01,-2.500011729825267182e+01
4.000008186371695160e+02,4.999996255438688877e+02,7.009351761187147811e-02,1.503834882109542082e-01,-2.499977900335733239e+01
3.999997373038569322e+02,5.000001183752970064e+02,7.040672403535330748e-02,1.502893163858541603e-01,-2.499978249233272720e+01
4.000004765749318949e+02,4.999997725064816905e+02,7.000934767629515831e-02,1.501981236649436169e-01,-2.500024069087759671e+01
4.000004498776538071e+02,5.000000537694152740e+02,7.016318827330891850e-02,1.505981490350040974e-01,-2.500032650643930054e+01
4.000001290595714636e+02,5.000002099497286849e+02,7.000195292761293708e-02,1.502181750878822664e-01,-2.499994752818474808e+01
4.000001332522624011e+02,4.999997052725223057e+02,7.049947869059897121e-02,1.505733317593806186e-01,-2.499928024868058785e+01
4.000001481197125486e+02,4.999999173446208829e+02,6.990567313456831633e-02,1.502388209750367687e-01,-2.499989092937713409e+01
3.999997712287382683e+02,5.000006099132478994e+02,6.971026812441132037e-02,1.505639838192660840e-01,-2.499956841887667025e+01
3.999994919635357746e+02,5.000007450060385850e+02,6.964424837032015536e-02,1.501982990939531859e-01,-2.499987550115377744e+01
3.999999625260861080e+02,5.000001302523053255e+02,6.980630831874036490e-02,1.499872039929051049e-01,-2.500005407818759551e+01
4.000004033189255210e+02,5.000002830569649177e+02,6.968391489290891305e-02,1.507292157176080005e-01,-2.499914441198802351e+01
3.999998553451946464e+02,5.000005488885568070e+02,6.999033604907325956e-02,1.496546852646154502e-01,-2.499961192423031520e+01
3.999991590551657623e+02,5.000005471178039329e+02,7.020087836358573918e-02,1.507098910860737717e-01,-2.500170608858129739e+01
4.000001672035461979e+02,5.000002318951517850e+02,6.994081520909724292e-02,1.501593376850489936e-01,-2.500031331588918704e+01
4.000000380189603106e+02,5.000001317568247714e+02,7.042412001227006668e-02,1.496381332412829446e-01,-2.500137679834531212e+01
4.000000410322647326e+02,4.999999808668803780e+02,6.989959292020128667e-02,1.500913523780595116e-01,-2.500011833904296310e+01
3.999998349507001194e+02,4.999998924010189967e+02,7.015764504863057638e-02,1.502338357550712100e-01,-2.499997296153716064e+01
3.999995135977562768e+02,5.000004977208015475e+02,7.027912161406804636e-02,1.497713898159307444e-01,-2.499970124379887437e+01
4.000003780840185641e+02,5.000004918685432926e+02,6.995784839771132524e-02,1.503614818744729020e-01,-2.499982484224522139e+01
3.999999013187413084e+02,5.000000546064458717e+02,7.026869262771989755e-02,1.500710091043931660e-01,-2.500019351303801329e+01
4.000006707365522516e+02,5.000005352726954584e+02,6.971312372586722927e-02,1.496596366498084696e-01,-2.499975813378832967e+01
4.000006188949265038e+02,4.999995167930333650e+02,6.998033245413504133e-02,1.498417942043848428e-01,-2.499996333882667443e+01
4.000003458113110355e+02,4.999999976388452296e+02,6.980294946053793026e-02,1.503950524201136951e-01,-2.499982951723328384e+01
3.999997549955726299e+02,4.999998618385977807e+02,6.999327532149042519e-02,1.498072586843182952e-01,-2.499997759107128914e+01
3.999995746008206083e+02,4.999998444754097591e+02,7.054144580193089098e-02,1.497247541512914670e-01,-2.500016597338344226e+01
4.000004387300618873e+02,4.999996706041941934e+02,7.003948314809647913e-02,1.500355219428584908e-01,-2.499997301685789353e+01
4.000002330544808729e+02,4.999995488235020389e+02,6.995406349623264908e-02,1.502232738776475007e-01,-2.499919297418386677e+01
4.000000528112387315e+02,5.000000493034606848e+02,6.995216683181711137e-02,1.498678428125720108e-01,-2.499980510260369471e+01
3.999998098496732268e+02,5.000001361615042583e+02,6.999504847521770268e-02,1.500821411644281955e-01,-2.499993405364642740e+01
3.999999076352706879e+02,5.000000415530513465e+02,6.978238887844824545e-02,1.500788017228961990e-01,-2.500005875930683175e+01
4.000001312557124038e+02,5.000005088373123385e+02,7.024902902274761385e-02,1.504284070747593516e-01,-2.499993278510810768e+01
3.999999832424625765e+02,5.000001570947782739e+02,7.006725603794893009e-02,1.503244045420304154e-01,-2.499994687745558153e+01
3.999995332518119540e+02,5.000006925966252425e+02,6.872330037757234944e-02,1.504594156492969348e-01,-2.500075686647038964e+01
4.000000733282471970e+02,5.000002627698729611e+02,6.965342024572342139e-02,1.497938336072193732e-01,-2.500029096471149970e+01
4.000000850849364724e+02,4.999999830957434597e+02,7.003459803488124025e-02,1.499746085581653565e-01,-2.499991127466926244e+01
4.000004126013894847e+02,5.000001659011581410e+02,7.013960254318411802e-02,1.500647783478087083e-01,-2.500015938955559491e+01
4.000000301500418232e+02,4.999998335351886567e+02,7.023755259151458208e-02,1.500000436696019290e-01,-2.499996868893165214e+01
3.999996772717828435e+02,4.999986861760288548e+02,7.052563277163351185e-02,1.501065039579533300e-01,-2.500034584972116036e+01
4.000002182424391890e+02,5.000012160401684014e+02,7.043350220986145660e-02,1.488385877338216090e-01,-2.499971429972022818e+01
4.000001021257172056e+02,5.000001178043772256e+02,7.050321207756111985e-02,1.496301745734678612e-01,-2.500096167857046581e+01
4.000001026297481985e+02,5.000000089516526600e+02,7.000179601252121131e-02,1.500475237560511821e-01,-2.499995773868912963e+01
3.999999738524257964e+02,5.000001709432568191e+02,6.996104363024420458e-02,1.500287310303108634e-01,-2.500005926638164766e+01
3.999999331430132656e+02,4.999999678030536643e+02,7.006416156094541492e-02,1.500268431881402464e-01,-2.499974112624516920e+01
3.999999073618857324e+02,5.000003838528328401e+02,7.000343738390335524e-02,1.501188089478282250e-01,-2.499975952843780291e+01
4.000001384012686003e+02,5.000001632154368281e+02,7.003728134651958370e-02,1.502509346092632536e-01,-2.500001856819683965e+01
3.999999599403049046e+02,4.999999753510739424e+02,6.999277551944653453e-02,1.500580465939920227e-01,-2.499999392837363388e+01
3.999999822704696157e+02,5.000000442647127556e+02,7.008503136814586698e-02,1.500121856063867942e-01,-2.499993925542060325e+01
3.999998324570319710e+02,5.000001684122984784e+02,6.893973278424764262e-02,1.495156460549700028e-01,-2.500030258246477644e+01
4.000001528117499561e+02,4.999999846222298743e+02,7.013044625453061787e-02,1.500110149740579435e-01,-2.500013507120733180e+01
4.000000444900757657e+02,4.999999997702527708e+02,6.995935195150239372e-02,1.496436134311471267e-01,-2.499998767786014042e+01
3.999997337461823577e+02,5.000001686400705694e+02,6.997651258267761909e-02,1.500373737743041502e-01,-2.500017049765821042e+01
3.999999148454620581e+02,5.000001538180074476e+02,6.956657717122990969e-02,1.496981259230172334e-01,-2.500027135150822133e+01
4.000002577148648015e+02,5.000004852448060433e+02,6.886438140360924554e-02,1.511914483986770419e-01,-2.499882382278270754e+01
3.999996634256734751e+02,5.000005493992422885e+02,7.015382019203120212e-02,1.496148967871850088e-01,-2.499992894847900970e+01
3.999999068029008527e+02,4.999999196985716026e+02,6.954794117031005973e-02,1.497677693023246881e-01,-2.500009936787941101e+01
3.999999066466021418e+02,4.999997586853825737e+02,6.985844233902563372e-02,1.500330475266989649e-01,-2.500015696832857870e+01
4.000001824198293434e+02,4.999998554369114458e+02,7.006191617714352393e-02,1.501276030772202563e-01,-2.500008006404012306e+01
4.000001478835104649e+02,5.000000227174052156e+02,6.989843162122606757e-02,1.501115580392219095e-01,-2.500024746114037555e+01
4.000000924996995764e+02,4.999999749880324771e+02,6.990373231632218687e-02,1.499854802765146766e-01,-2.499992663799897130e+01
3.999998787658510651e+02,5.000002101948278437e+02,6.987387962565341781e-02,1.502412384405163448e-01,-2.499997091920613101e+01
3.999999965770576296e+02,5.000008507495261370e+02,6.966429275447449943e-02,1.502356866292781090e-01,-2.500005867859412234e+01
3.999999165318003520e+02,5.000002158211179903e+02,7.009214012700608343e-02,1.495616005797610892e-01,-2.499939493401154422e+01
3.999999569460551356e+02,5.000003042031841005e+02,6.993220815487431741e-02,1.502456664589811863e-01,-2.499980266417068719e+01
4.000000564984480889e+02,5.000000703416806687e+02,7.021754186544587606e-02,1.499592927316556190e-01,-2.499984649919661095e+01
4.000001906538616936e+02,4.999999763923802902e+02,7.035698691297299912e-02,1.500355078414823962e-01,-2.499980263577956308e+01
4.000000394748793724e+02,4.999996259891049704e+02,6.991048711212763389e-02,1.499553083817926624e-01,-2.500009240860733684e+01
3.999995164494505957e+02,4.999997306278661995e+02,6.983479222940704167e-02,1.494911227606628146e-01,-2.499984431869284407e+01
3.999996488506724290e+02,5.000002796762306048e+02,6.968615517301780804e-02,1.500141656661546363e-01,-2.499972048213441767e+01
4.000000557393840950e+02,5.000001333756864028e+02,6.988884552072885392e-02,1.501102902182369636e-01,-2.499983989559072839e+01
3.999999952219449710e+02,5.000001566509149598e+02,6.989281157384390208e-02,1.499472778225952596e-01,-2.500003861181649256e+01
3.999997560785371888e+02,5.000004322337567260e+02,7.017291959468947848e-02,1.500900335415493447e-01,-2.499993403464383945e+01
3.999993795898886333e+02,4.999999316237182256e+02,6.993270483469926635e-02,1.504863641422036769e-01,-2.500020911611422747e+01
4.000000150759692588e+02,5.000005203600361483e+02,6.971309230238346977e-02,1.499302014065503064e-01,-2.499953373403867474e+01
3.999989891998217217e+02,5.000001817205226189e+02,6.920696740522817858e-02,1.500631041205006122e-01,-2.500043572737407871e+01
4.000001124561890151e+02,4.999998943505295301e+02,7.025357417947164507e-02,1.506638439979416100e-01,-2.499960534279487234e+01
4.000003923732160160e+02,4.999989936118787455e+02,7.054007607623279108e-02,1.496950051221632716e-01,-2.500006051599577361e+01
3.999994088419975924e+02,4.999989228096990814e+02,7.059612592495659311e-02,1.499499755863057393e-01,-2.499969000314655077e+01
4.000004970641428486e+02,4.999997607432019890e+02,7.011585012249246796e-02,1.503353108025984874e-01,-2.499976840273685497e+01
3.999998846498968419e+02,4.999998060749065871e+02,6.994662074527285833e-02,1.502007217475946066e-01,-2.500022437300027889e+01
4.000000350251633563e+02,5.000000848740561992e+02,7.003168705428086671e-02,1.499127978196474198e-01,-2.499997708695948617e+01
4.000002011193053590e+02,5.000007450186627125e+02,6.969326844489963368e-02,1.501342333653172822e-01,-2.499967252570134946e+01
3.999997180284507863e+02,5.000001157683722113e+02,6.976756382551728419e-02,1.499346045996742538e-01,-2.500010996566131283e+01
3.999994973131369989e+02,5.000013028263182946e+02,6.969171512522570611e-02,1.505390219654863526e-01,-2.499973472587672063e+01
3.999998695374080171e+02,5.000000061704996028e+02,6.981828384588879832e-02,1.497758330796434556e-01,-2.499954013154995280e+01
3.999999437548441392e+02,5.000000533534746410e+02,7.000588266962497197e-02,1.499698811130361908e-01,-2.500000467057064313e+01
4.000006735199907553e+02,4.999998747988876744e+02,7.053707426804965708e-02,1.496109000031048131e-01,-2.499934636359332885e+01
4.000003050138776644e+02,5.000002138196593364e+02,6.946146941426623034e-02,1.501595568949498638e-01,-2.500007875825940218e+01
4.000000399197880370e+02,4.999996701902137488e+02,6.994178120636640461e-02,1.501283746804837615e-01,-2.499948243584245589e+01
4.000002140591833495e+02,4.999998019503114506e+02,7.016057927360527802e-02,1.501522268947644290e-01,-2.499994089962747168e+01
3.999998784366370614e+02,4.999999921105662679e+02,7.008203208007189600e-02,1.499175735503517071e-01,-2.500009694570516672e+01
3.999989118337811647e+02,5.000007421169116810e+02,7.018939534358928367e-02,1.508039056618648843e-01,-2.500084098495591434e+01
4.000000893625270919e+02,5.000003817610003694e+02,6.993670446667318852e-02,1.499196872921106649e-01,-2.500018737538739799e+01
3.999993799136136658e+02,4.999992640680114278e+02,7.024307033192175864e-02,1.491779281329347062e-01,-2.499892085214402115e+01
4.000003799299616389e+02,5.000001292230742820e+02,6.976257417648941417e-02,1.501786369348201144e-01,-2.499894116904230756e+01
3.999993542001684546e+02,5.000000190842000052e+02,7.081955204669736215e-02,1.500250257127682951e-01,-2.500066544820974102e+01
3.999996467145174961e+02,5.000001951205532578e+02,6.969407729794332984e-02,1.504419399376237809e-01,-2.499995428461478753e+01
3.999995019436648818e+02,4.999981965355195825e+02,7.138467149639265985e-02,1.498903717500671140e-01,-2.499971515116900278e+01
4.000002040600695636e+02,5.000001960396904792e+02,7.006937138656428588e-02,1.499565439053389126e-01,-2.499995194388758080e+01
4.000000415789384647e+02,4.999997039466624642e+02,6.982036171892018472e-02,1.501013233218222720e-01,-2.500011618878512820e+01
4.000000036720747971e+02,5.000005124197812165e+02,6.988699330697503709e-02,1.500769622059020536e-01,-2.500063245337129914e+01
4.000003848170992455e+02,5.000002810326067220e+02,7.015765726686094828e-02,1.503238389855026669e-01,-2.499958860787255688e+01
4.000002270596580729e+02,5.000001029479992098e+02,7.002029714612759137e-02,1.496586485603691730e-01,-2.500001464635755610e+01
4.000001774415553655e+02,4.999998936620065138e+02,6.980633556374082893e-02,1.498494498527384866e-01,-2.500003503942948413e+01
3.999984272340880693e+02,4.999997595482065549e+02,7.160623723785675132e-02,1.480087083071764398e-01,-2.500210532520909723e+01
4.000000975764328359e+02,5.000001114396656590e+02,6.993755659401741653e-02,1.498877472616493844e-01,-2.499992804665934187e+01
4.000000177692301122e+02,4.999995324577300835e+02,6.976021306264702793e-02,1.509364376588329670e-01,-2.500127412711909258e+01
3.999998816859197746e+02,5.000001342264048390e+02,7.011557402973593589e-02,1.499703243885840143e-01,-2.500026325803791494e+01
3.999995175548790485e+02,5.000002931254832106e+02,7.014733989645384471e-02,1.500541914119871700e-01,-2.500012894657265505e+01
3.999997037554792882e+02,4.999998689869041755e+02,6.992316573990654816e-02,1.498727517132924791e-01,-2.500035522050745485e+01
4.000001721236540675e+02,5.000001023932961743e+02,6.996989739161479926e-02,1.500921883956858605e-01,-2.500029237107545299e+01
4.000004198005145781e+02,4.999998418213508558e+02,7.045920001469722915e-02,1.506601095962536163e-01,-2.500002722524040877e+01
3.999997071155368076e+02,5.000002482347551904e+02,7.007750152425860912e-02,1.501764565721941669e-01,-2.500001369246328764e+01
4.000000600484322604e+02,4.999998257261366348e+02,7.007013333098777164e-02,1.500005837851235424e-01,-2.500009514247171083e+01
4.000000656908691781e+02,5.000001342935973980e+02,6.964958529052443781e-02,1.497426391437559623e-01,-2.499981891982671911e+01
3.999999995461055278e+02,4.999999941353794952e+02,6.997582455512867117e-02,1.499454150360195470e-01,-2.499993318479090121e+01
4.000002997958246738e+02,5.000000833002072227e+02,6.995509616475761860e-02,1.502387457933853088e-01,-2.500082054692844835e+01
3.999998629832967936e+02,4.999996940497071023e+02,7.001429304180764590e-02,1.497541057706270051e-01,-2.500091801435844729e+01
4.000000690597845505e+02,5.000002613874648887e+02,7.007807175923770615e-02,1.497320692229340278e-01,-2.499994604848468427e+01
4.000000404697762519e+02,4.999999374458619172e+02,6.990318989694659091e-02,1.498634033093509121e-01,-2.500018559245282290e+01
3.999996728496768128e+02,4.999998068026577585e+02,7.032201268664009519e-02,1.502211065055885364e-01,-2.499922917948832435e+01
4.000003160389285881e+02,4.999994755223287370e+02,7.001417869729395504e-02,1.499046613353304525e-01,-2.499998425442680272e+01
4.000000021191504516e+02,5.000000198973768306e+02,6.996174333288110447e-02,1.499378179807764888e-01,-2.500005137439455183e+01
4.000013381360330982e+02,4.999996060026729197e+02,6.965315812644401472e-02,1.506888838672209574e-01,-2.499960484733315624e+01
3.999999575510561272e+02,5.000001174852637860e+02,7.003116676450067690e-02,1.499598228182764115e-01,-2.499980741219787461e+01
4.000000025606967142e+02,5.000000614122121192e+02,7.000890558290369381e-02,1.499770627834124126e-01,-2.500014171645109329e+01
4.000000782908007295e+02,5.000002143915485249e+02,7.019937266189893443e-02,1.501983483772526828e-01,-2.499971303665658695e+01
3.999999969410375797e+02,4.999998178984067181e+02,7.022830959701488462e-02,1.500440157810937480e-01,-2.500005541951987453e+01
4.000011957996455294e+02,5.000008768483729682e+02,7.023408013648244075e-02,1.499804498359704752e-01,-2.499949350527001712e+01
3.999998403646005727e+02,4.999996499597045840e+02,7.035059877111880799e-02,1.496374030703956914e-01,-2.499985063318424849e+01
4.000000632741949289e+02,5.000001085782683958e+02,6.981621912405217012e-02,1.498984120110477269e-01,-2.500002124197667897e+01
4.000001037083161464e+02,5.000004651344257809e+02,6.988505858207140486e-02,1.499943287265582681e-01,-2.499997253050232970e+01
3.999998311499468286e+02,5.000002475745085349e+02,7.002949774057277976e-02,1.497203040192782442e-01,-2.500019755424012757e+01
4.000003004308551340e+02,5.000001836670314219e+02,7.015080681072796698e-02,1.503115357072743463e-01,-2.499985317234989779e+01
4.000000272836596764e+02,5.000000107494025769e+02,6.997649370785075096e-02,1.498763529779352510e-01,-2.500004393439704131e+01
3.999996797604429730e+02,4.999997624556691562e+02,6.999081551710646665e-02,1.500651502833864059e-01,-2.499967715102101806e+01
3.999999419851644120e+02,4.999999000141465331e+02,7.000478104942049751e-02,1.500423342202567012e-01,-2.499987452666526622e+01
4.000001558686841463e+02,5.000001206359062849e+02,6.989055501206578591e-02,1.501409503071080009e-01,-2.499975948893573374e+01
4.000000726168065057e+02,4.999996648650965199e+02,7.020106194957088930e-02,1.500894933797535524e-01,-2.500050758437430076e+01
3.999999322950820329e+02,4.999998105735111835e+02,6.999209514938335708e-02,1.502414892812290736e-01,-2.500011831984738109e+01
3.999999988162197155e+02,4.999992654319026997e+02,7.043918850587557734e-02,1.506396438481341638e-01,-2.500098330312333772e+01
3.999999033656118286e+02,4.999998997149330648e+02,6.998815135088645722e-02,1.498865118509710992e-01,-2.500019756307773378e+01
4.000000477987569525e+02,4.999998979586656560e+02,7.029303455205318518e-02,1.501209260962195202e-01,-2.500001547612564323e+01
3.999998869132784876e+02,5.000003123289882296e+02,6.974271037725469913e-02,1.500172264790273491e-01,-2.500015305514855513e+01
4.000002529182107196e+02,5.000000691225903324e+02,6.973819756057933472e-02,1.499040266177816549e-01,-2.499957145117906521e+01
4.000008789956366968e+02,4.999995092714399334e+02,7.006071593913043571e-02,1.501980169938103848e-01,-2.500077708916785824e+01
4.000000726894731997e+02,5.000000660448600911e+02,7.014767744337487010e-02,1.499188010721723696e-01,-2.500004497192489694e+01
4.000002511630850677e+02,5.000001241384432547e+02,6.997198583985687892e-02,1.499787770977026868e-01,-2.500026227270782542e+01
3.999998800454663979e+02,4.999993757245466668e+02,6.981881385440884269e-02,1.497982711981409032e-01,-2.499999515172907749e+01
4.000001173350977410e+02,4.999996876369276038e+02,6.983140823430214472e-02,1.500265232620954237e-01,-2.500015271069075595e+01
4.000000185833224009e+02,4.999995146406442359e+02,6.978415055813032286e-02,1.501779958312500496e-01,-2.500026251096317864e+01
3.999998900374578739e+02,5.000000953628219804e+02,6.983891649448134564e-02,1.498459702458114773e-01,-2.499995571143007211e+01
4.000002521673526417e+02,5.000000624061491976e+02,7.034579387380364424e-02,1.503450447541034019e-01,-2.500007077508344722e+01
3.999996450695604722e+02,4.999998749482751350e+02,6.991543471128497389e-02,1.501803412972069485e-01,-2.499983414182726449e+01
3.999996624561336489e+02,4.999995833633828966e+02,7.069675532585925626e-02,1.501928002290812414e-01,-2.499950167333210871e+01
4.000000800695023599e+02,5.000000015738144725e+02,7.010009423650330473e-02,1.501871734158849447e-01,-2.499995428151694910e+01
3.999999392463387267e+02,5.000000747851464666e+02,6.956097206613892636e-02,1.497358429495342924e-01,-2.500019337623059457e+01
3.999996199644613739e+02,5.000000566368358932e+02,7.005077029944332956e-02,1.499147923065662080e-01,-2.499969219839231727e+01
3.999999500939416066e+02,4.999999633309064393e+02,7.005086720642289544e-02,1.500528854311794225e-01,-2.499985738227969279e+01
3.999999716495589723e+02,4.999996256436633644e+02,6.991389473190044723e-02,1.493905509927387076e-01,-2.499946207915983010e+01
4.000009180698511955e+02,5.000000462799850993e+02,7.130144716932820814e-02,1.504756053456833553e-01,-2.500002599459022434e+01
3.999997374356519799e+02,4.999999323401523270e+02,7.038753121554892911e-02,1.498698346986654939e-01,-2.500084285977293064e+01
4.000000688293575877e+02,4.999992400529372958e+02,6.980978229648748812e-02,1.503523124613226902e-01,-2.500020241198859949e+01
4.000000018832998308e+02,4.999999799800012852e+02,7.007147086824835891e-02,1.500762897487889491e-01,-2.500014730697293075e+01
